<?xml version="1.0" encoding="UTF-8"?>
<project-private xmlns="http://www.netbeans.org/ns/project-private/1">
    <editor-bookmarks xmlns="http://www.netbeans.org/ns/editor-bookmarks/2" lastBookmarkId="0"/>
    <open-files xmlns="http://www.netbeans.org/ns/projectui-open-files/2">
        <group>
            <file>file:/C:/xampp/htdocs/IP_Project_TLM2008/assets/css/display_data.css</file>
            <file>file:/C:/xampp/htdocs/IP_Project_TLM2008/login.php</file>
            <file>file:/C:/xampp/htdocs/IP_Project_TLM2008/about.php</file>
            <file>file:/C:/xampp/htdocs/IP_Project_TLM2008/roadworks_user.php</file>
            <file>file:/C:/xampp/htdocs/IP_Project_TLM2008/heavytraffic_user.php</file>
            <file>file:/C:/xampp/htdocs/IP_Project_TLM2008/about2.php</file>
            <file>file:/C:/xampp/htdocs/IP_Project_TLM2008/roadclosures_user.php</file>
            <file>file:/C:/xampp/htdocs/IP_Project_TLM2008/entry-part1_2.php</file>
            <file>file:/C:/xampp/htdocs/IP_Project_TLM2008/roadworks.php</file>
            <file>file:/C:/xampp/htdocs/IP_Project_TLM2008/header.inc</file>
            <file>file:/C:/xampp/htdocs/IP_Project_TLM2008/contact.php</file>
            <file>file:/C:/xampp/htdocs/IP_Project_TLM2008/welcome.php</file>
            <file>file:/C:/xampp/htdocs/IP_Project_TLM2008/check_login.php</file>
            <file>file:/C:/xampp/htdocs/IP_Project_TLM2008/breakdown_user.php</file>
            <file>file:/C:/xampp/htdocs/IP_Project_TLM2008/map.php</file>
            <file>file:/C:/xampp/htdocs/IP_Project_TLM2008/mapbox.php</file>
            <file>file:/C:/xampp/htdocs/IP_Project_TLM2008/accidents.php</file>
            <file>file:/C:/xampp/htdocs/IP_Project_TLM2008/overall_user.php</file>
            <file>file:/C:/xampp/htdocs/IP_Project_TLM2008/header2.inc</file>
            <file>file:/C:/xampp/htdocs/IP_Project_TLM2008/accidents_user.php</file>
            <file>file:/C:/xampp/htdocs/IP_Project_TLM2008/overall.php</file>
            <file>file:/C:/xampp/htdocs/IP_Project_TLM2008/index.php</file>
            <file>file:/C:/xampp/htdocs/IP_Project_TLM2008/breakdown.php</file>
            <file>file:/C:/xampp/htdocs/IP_Project_TLM2008/stat.php</file>
            <file>file:/C:/xampp/htdocs/IP_Project_TLM2008/footer.inc</file>
            <file>file:/C:/xampp/htdocs/IP_Project_TLM2008/heavytraffic.php</file>
            <file>file:/C:/xampp/htdocs/IP_Project_TLM2008/roadclosures.php</file>
        </group>
    </open-files>
</project-private>
