<?xml version="1.0" encoding="UTF-8"?>
<project-private xmlns="http://www.netbeans.org/ns/project-private/1">
    <editor-bookmarks xmlns="http://www.netbeans.org/ns/editor-bookmarks/2" lastBookmarkId="0"/>
    <open-files xmlns="http://www.netbeans.org/ns/projectui-open-files/2">
        <group>

            <file>file:/D:/Desktop/SIT/year2/TLM2008-IP/CARvid5/html/WorkingOnItNow/php/IP_Project_TLM2008/map.php</file>
            <file>file:/D:/Desktop/SIT/year2/TLM2008-IP/CARvid5/html/WorkingOnItNow/php/IP_Project_TLM2008/entry-part1.php</file>
            <file>file:/D:/Desktop/SIT/year2/TLM2008-IP/CARvid5/html/WorkingOnItNow/php/IP_Project_TLM2008/demo_readfile.js</file>
            <file>file:/D:/Desktop/SIT/year2/TLM2008-IP/CARvid5/html/WorkingOnItNow/php/IP_Project_TLM2008/assets/geojson/enter_issue.geojson</file>
            <file>file:/D:/Desktop/SIT/year2/TLM2008-IP/CARvid5/html/WorkingOnItNow/php/IP_Project_TLM2008/demofile1.html</file>

            <file>file:/C:/xampp/htdocs/FugueMaster/CARvid5/html/WorkingOnItNow/php/IP_Project_TLM2008/entry_A.php</file>
            <file>file:/C:/xampp/htdocs/FugueMaster/CARvid5/html/WorkingOnItNow/php/IP_Project_TLM2008/confirmationH.php</file>
            <file>file:/C:/xampp/htdocs/FugueMaster/CARvid5/html/WorkingOnItNow/php/IP_Project_TLM2008/entry_B.php</file>
            <file>file:/C:/xampp/htdocs/FugueMaster/CARvid5/html/WorkingOnItNow/php/IP_Project_TLM2008/map.php</file>
            <file>file:/C:/xampp/htdocs/FugueMaster/CARvid5/html/WorkingOnItNow/php/IP_Project_TLM2008/entry_C.php</file>
            <file>file:/C:/xampp/htdocs/FugueMaster/CARvid5/html/WorkingOnItNow/php/IP_Project_TLM2008/entry_H.php</file>
            <file>file:/C:/xampp/htdocs/FugueMaster/CARvid5/html/WorkingOnItNow/php/IP_Project_TLM2008/entry_W.php</file>
            <file>file:/C:/xampp/htdocs/FugueMaster/CARvid5/html/WorkingOnItNow/php/IP_Project_TLM2008/confirmationA.php</file>
            <file>file:/C:/xampp/htdocs/FugueMaster/CARvid5/html/WorkingOnItNow/php/IP_Project_TLM2008/confirmationW.php</file>
            <file>file:/C:/xampp/htdocs/FugueMaster/CARvid5/html/WorkingOnItNow/php/IP_Project_TLM2008/confirmationB.php</file>
            <file>file:/C:/xampp/htdocs/FugueMaster/CARvid5/html/WorkingOnItNow/php/IP_Project_TLM2008/confirmationC.php</file>

        </group>
    </open-files>
</project-private>
