<?xml version="1.0" encoding="UTF-8"?>
<project-private xmlns="http://www.netbeans.org/ns/project-private/1">
    <editor-bookmarks xmlns="http://www.netbeans.org/ns/editor-bookmarks/2" lastBookmarkId="0"/>
    <open-files xmlns="http://www.netbeans.org/ns/projectui-open-files/2">
        <group>
            <file>file:/D:/Desktop/SIT/year2/TLM2008-IP/CARvid5/html/WorkingOnItNow/php/IP_Project_TLM2008_(2)/IP_Project_TLM2008/confirmationC.php</file>
            <file>file:/D:/Desktop/SIT/year2/TLM2008-IP/CARvid5/html/WorkingOnItNow/php/IP_Project_TLM2008_(2)/IP_Project_TLM2008/roadclosures_user.php</file>
        </group>
    </open-files>
</project-private>
