<?xml version="1.0" encoding="UTF-8"?>
<project-private xmlns="http://www.netbeans.org/ns/project-private/1">
    <editor-bookmarks xmlns="http://www.netbeans.org/ns/editor-bookmarks/2" lastBookmarkId="0"/>
    <open-files xmlns="http://www.netbeans.org/ns/projectui-open-files/2">
        <group>
            <file>file:/C:/xampp/htdocs/IP_Project_TLM2008/assets/css/display_data.css</file>
            <file>file:/C:/xampp/htdocs/IP_Project_TLM2008/login.php</file>
            <file>file:/C:/xampp/htdocs/IP_Project_TLM2008/roadworks_user.php</file>
            <file>file:/C:/xampp/htdocs/IP_Project_TLM2008/heavytraffic_user.php</file>
            <file>file:/C:/xampp/htdocs/IP_Project_TLM2008/logout.php</file>
            <file>file:/C:/xampp/htdocs/IP_Project_TLM2008/overall_admin.php</file>
            <file>file:/C:/xampp/htdocs/IP_Project_TLM2008/entry-part1_user.php</file>
            <file>file:/C:/xampp/htdocs/IP_Project_TLM2008/heavytraffic_admin.php</file>
            <file>file:/C:/xampp/htdocs/IP_Project_TLM2008/faq_user.php</file>
            <file>file:/C:/xampp/htdocs/IP_Project_TLM2008/about_admin.php</file>
            <file>file:/C:/xampp/htdocs/IP_Project_TLM2008/roadworks_admin.php</file>
            <file>file:/C:/xampp/htdocs/IP_Project_TLM2008/roadclosures_user.php</file>
            <file>file:/C:/xampp/htdocs/IP_Project_TLM2008/faq_admin.php</file>
            <file>file:/C:/xampp/htdocs/IP_Project_TLM2008/entry-part1_admin.php</file>
            <file>file:/C:/xampp/htdocs/IP_Project_TLM2008/header.inc</file>
            <file>file:/C:/xampp/htdocs/IP_Project_TLM2008/welcome.php</file>
            <file>file:/C:/xampp/htdocs/IP_Project_TLM2008/check_login.php</file>
            <file>file:/C:/xampp/htdocs/IP_Project_TLM2008/breakdown_user.php</file>
            <file>file:/C:/xampp/htdocs/IP_Project_TLM2008/map_admin.php</file>
            <file>file:/C:/xampp/htdocs/IP_Project_TLM2008/breakdown_admin.php</file>
            <file>file:/C:/xampp/htdocs/IP_Project_TLM2008/overall_user.php</file>
            <file>file:/C:/xampp/htdocs/IP_Project_TLM2008/header2.inc</file>
            <file>file:/C:/xampp/htdocs/IP_Project_TLM2008/contact_admin.php</file>
            <file>file:/C:/xampp/htdocs/IP_Project_TLM2008/roadclosures_admin.php</file>
            <file>file:/C:/xampp/htdocs/IP_Project_TLM2008/accidents_user.php</file>
            <file>file:/C:/xampp/htdocs/IP_Project_TLM2008/about_user.php</file>
            <file>file:/C:/xampp/htdocs/IP_Project_TLM2008/index.php</file>
            <file>file:/C:/xampp/htdocs/IP_Project_TLM2008/map_user.php</file>
            <file>file:/C:/xampp/htdocs/IP_Project_TLM2008/accidents_admin.php</file>
            <file>file:/C:/xampp/htdocs/IP_Project_TLM2008/footer.inc</file>
            <file>file:/C:/xampp/htdocs/IP_Project_TLM2008/assets/css/style.css</file>
            <file>file:/C:/xampp/htdocs/IP_Project_TLM2008/contact_user.php</file>
        </group>
    </open-files>
</project-private>
